<?xml version="1.0" encoding="utf-8" ?>
<!--********** Copyright 2021 Roku Corp.  All Rights Reserved. **********-->

<component name="ContentScreen" extends="Group" >

  <script type="text/brightscript" uri="pkg:/components/content/ContentScreen.brs"/>

  <interface>
        <field id="contentId" type="string" />
        <field id="mediaType" type="string" />
  </interface>

  <!-- All nodes must be inside <children> headers -->
  <children>
    <!-- Shaded background behind the RowList -->
    <Rectangle
        id = "shader"
        height = "720"
        width = "1280"
        color = "0x000000"
        opacity = "0.7"/>

    <!-- RowList node -->
    <RowList
        id= "RowList"
        translation= "[0,350]"
        itemComponentName= "PosterItem"
        numRows= "3"
        rowitemSize="[[320,180]]"
        rowItemSpacing= "[[20,0]]"
        itemSize= "[1280,270]"
        rowLabelOffset= "[[50,10]]"
        focusXOffset = "[50]"
        showRowLabel= "[true]"
        rowFocusAnimationStyle= "floatingfocus"
    />

    <Video
        id = "Video"
        height = "720"
        width = "1280"
	loop = "false"
        visible = "false"
    />

    <!-- Shaded overhang to display the focused content in the RowList -->
    
    <Rectangle
        id = "Overhang"
        height = "1"
        width = "1280"
        color = "0x00000080" 
        opacity = "0.3">

      <Overhang
            id="logo"
            showOptions="false"
            showClock="false"
            logoUri="pkg:/images/hd_overhang_logo.png"
            translation="[0,15]"
        />  

        <!-- Passed into a group node to make the formatting easier. All child nodes inherit the translation field of Group -->
	    <Group translation = "[40,185]">
	    <!--  Content title of the item focused. This label inherits translation from Group node -->
	    <Label
	      id = "Title"
	      height = "30"
	      width = "650"
	      font = "font:LargeBoldSystemFont"
        />
	    <!-- Content description of the item focused . Also inherits translation from Group node -->
	    <Label
	      id = "Description"
	      numLines="2"
	      width = "800"
	      color = "0xFFFFFF"
	      translation = "[0,65]"
	      wrap = "true"/>
	    <!-- Artwork of the item focused. Inherits translation of the Group node and adds onto the translation. Final translation on the screen is [150+850, 75+10] -->
	    <Poster
	      id = "Poster"
	      height = "225"
	      width = "400"
	      loadWidth = "500"
	      loadHeight = "281"
	      loadDisplayMode = "scaleToFit"
        opacity = "0.5"
	      translation = "[800,10]"/>
	    </Group>
    </Rectangle>

    <Animation
      id = "moveOverhangPanelUp"
      duration = "3"
      easeFunction = "linear" >

      <FloatFieldInterpolator
        key = "[ 0.0, 1.0 ]"
        keyValue = "[ [0.0,0.0], [0.0,-400.0] ]"
        fieldToInterp = "Overhang.translation" />

    </Animation>

    <Animation
      id = "moveOverhangPanelDown"
      duration = "1.5"
      easeFunction = "linear" >

      <FloatFieldInterpolator
        key = "[ 1.0, 0.0 ]"
        keyValue = "[ [0.0,-400.0], [0.0,0.0] ]"
        fieldToInterp = "Overhang.translation" />
    </Animation>
  </children>
</component>
